Title,Price,Address,Bathroom,Room,Furnished,Pet Allowed,Postal Code
DANS MILE-EX SUPERBE LOFT 6397 ST-LAURENT (BEAUBIEN),$1550.00,Place Gennevilliers Laliberté Montréal QC H1V Canada,1,4 1/2,Oui,Unknown,
Appartement Condo. 3 1/2. Ville Saint Laurent. Tours Bois Franc.,$1200.00,1300 Boulevard Alexis-Nihon Saint-Laurent QC H4R Canada,1,2 1/2,Oui,Unknown,
Appartement Condo. 5 1/2 Ville Saint Laurent. Tours Bois Franc.,$2200.00,1300 Boulevard Alexis-Nihon Saint-Laurent QC H4R Canada,1,5 1/2,Non,Unknown,
Beautiful appartment downtown near metro,$1120.00,montreal Canada,1,2 1/2,Non,Oui,
DANS MILE-EX SUPERBE LOFT 6397 ST-LAURENT (BEAUBIEN),$1550.00,Place Gennevilliers Laliberté Montréal QC H1V Canada,1,4 1/2,Oui,Unknown,
Montréal 3 1/2 - Appartement Neuf Style Condo-Blvd Gouin,$795.00,Boulevard Gouin E Montréal QC Canada,1,3 1/2,Non,Non,
Appartement Condo. 4 1/2. Ville Saint Laurent. Tours Bois Franc.,$1650.00,1300 Boulevard Alexis-Nihon Saint-Laurent QC H4R Canada,1,4 1/2,Oui,Non,
Appartement Condo. 5 1/2 Ville Saint Laurent. Tours Bois Franc.,$2200.00,1300 Boulevard Alexis-Nihon Saint-Laurent QC H4R Canada,1,5 1/2,Non,Unknown,
__✅✅_ $1.000 BUY HOME - RENT TO OWN - NO BANK NEEDED - BUY CONDO,$999.00,Cérès Québec Canada,1,5 1/2,Non,Non,
Grand 3 1/3 libre de suite ( haut de triplex ),$650.00,H3L Canada,1,3 1/2,Non,Non,
3 1/2 Metro Jean Talon,$700.00,7233 Rue Berri Montréal QC Canada,1,2 1/2,Non,Unknown,
Sous-location 4 1/2 Outremont Janvier à Juin,$605.00,Avenue Bloomfield Montréal QC H2V Canada,1,4 1/2,Oui,Non,
Cession de bail 4 1/2 Plateau Mont royal / Laurier est,$841.00,Rue Marquette Montréal QC Canada,1,4 1/2,Non,Non,
Cession de bail 3 1/2 à h1g 5x9 Montreal nord,$650.00,Montréal QC Canada H1G H1J,1,3 1/2,Oui,Oui,
IMPECCABLE FULLY FURNISHED CONDO IN OLD MONTREAL,$2300.00,901 Rue De La Commune Montreal QC H3C Canada,1,2 1/2,Oui,Unknown,
HIGH-END LIVING AT ITS FINEST IN GRIFFINTOWN,$5000.00,100 Rue du Séminaire Montréal QC H3C Canada,1,4 1/2,Oui,Non,
Solano- vue fleuve- équipé meublé,$2000.00,901 Rue de la Commune E Montréal QC H2L OE2 Canada,1,3 1/2,Oui,Non,
Appartement Condo. Loft 2 1/2. Ville Saint Laurent. Bois Franc.,$1175.00,1300 Boulevard Alexis-Nihon Saint-Laurent QC H4R Canada,1,1 1/2,Non,Unknown,
logement 4 1/2 à Pincourt,$875.00,77 5e Avenue Pincourt QC J7W Canada,1,4 1/2,Non,Non,
Appartement Condo. 3 1/2. Ville Saint Laurent. Tours Bois Franc.,$1200.00,1300 Boulevard Alexis-Nihon Saint-Laurent QC H4R Canada,1,2 1/2,Oui,Unknown,
Appartement Condo. Loft 2 1/2. Ville Saint Laurent. Bois Franc.,$1175.00,1300 Boulevard Alexis-Nihon Saint-Laurent QC H4R Canada,1,1 1/2,Non,Unknown,
Appartement Condo. 5 1/2 Ville Saint Laurent. Tours Bois Franc.,$2200.00,1300 Boulevard Alexis-Nihon Saint-Laurent QC H4R Canada,1,5 1/2,Non,Unknown,
Cession de bail d'un 3 et 1/2 à Villeray,$560.00,Montréal QC H2G Canada,1,3 1/2,Non,Non,
Appartement Condo. 4 1/2. Ville Saint Laurent. Tours Bois Franc.,$1650.00,1300 Boulevard Alexis-Nihon Saint-Laurent QC H4R Canada,1,4 1/2,Oui,Non,
Appartement Condo. 3 1/2. Ville Saint Laurent. Tours Bois Franc.,$1200.00,1300 Boulevard Alexis-Nihon Saint-Laurent QC H4R Canada,1,2 1/2,Oui,Unknown,
Ahuntsic 4 et 1/2 avec 2 chambres fermées wifi,$1150.00,montreal Canada,1,4 1/2,Oui,Non,
>>>>>>>>>✅✅$1000 BUY HOME - NO BANK NEEDED - RENT TO OWN - HOUSE,$999.00,Cérès Québec Canada,1,5 1/2,Non,Non,
4 1/2 à sous-louer,$680.00,Montreal QC Canada,1,4 1/2,Oui,Oui,
Rent weekly downtown,$300.00,montreal Canada,1,1 1/2,Oui,Unknown,
Logement à louer- Décembre gratuit,$675.00,Rue Saint-Louis Salaberry-de-Valleyfield QC J6T Canada,1,4 1/2,Non,Oui,
Appartement Condo. 3 1/2. Ville Saint Laurent. Tours Bois Franc.,$1200.00,1300 Boulevard Alexis-Nihon Saint-Laurent QC H4R Canada,1,2 1/2,Oui,Unknown,
Appartement Condo. 3 1/2. Ville Saint Laurent. Tours Bois Franc.,$1200.00,1300 Boulevard Alexis-Nihon Saint-Laurent QC H4R Canada,1,2 1/2,Oui,Unknown,
DANS MILE-EX SUPERBE LOFT 6397 ST-LAURENT (BEAUBIEN),$1550.00,Place Gennevilliers Laliberté Montréal QC H1V Canada,1,4 1/2,Oui,Unknown,
Cessation de bail 3 1/2,$716.00,Rue Juliette Montréal QC H8N Canada,1,3 1/2,Non,Non,
Appartement Condo. Loft 2 1/2. Ville Saint Laurent. Bois Franc.,$1175.00,1300 Boulevard Alexis-Nihon Saint-Laurent QC H4R Canada,1,1 1/2,Non,Unknown,
APARTMENT FOR RENT AVAILABLE NOW,$950.00,LaSalle Canada,1,4 1/2,Non,Unknown,
3 1/2 Parc la Fontaine !une mois gratuite !tout inclus,$1150.00,3425 Rue Papineau Montréal QC H2K Canada,1,2 1/2,Non,Non,
SUPERBE 7 1/2 MEUBLÉ ET TOUT INCLUS A DEUX PAS DU MÉTRO,$2350.00,Rue Saint-Denis Montréal QC Canada,1,6 1/2,Oui,Non,
Appartement Condo. 5 1/2 Ville Saint Laurent. Tours Bois Franc.,$2200.00,1300 Boulevard Alexis-Nihon Saint-Laurent QC H4R Canada,1,5 1/2,Non,Unknown,
Recherché :Monthly rent ONLY Full furnished 1850,$1850.00,montreal Canada,1,4 1/2,Oui,Non,
Recherché :Monthly rent ONLY Full furnished 1850,$1850.00,montreal Canada,1,4 1/2,Oui,Non,
3 Bdrm/2 baths.Beautiful.Bright.2017construction. CSL $1950,$1950.00,7369 Chemin Kildare Côte Saint-Luc QC H4W Canada,2,5 1/2,Non,Non,
Condo 4 1/2 sur 2 étages + Terrasse *HOMA* 1er Décembre,$1045.00,2243 Rue Honoré - Beaugrand Montréal QC H1L Canada,1,4 1/2,Non,Unknown,
3 1/2 appartment Pointe-Claire/Dorval. Lakeshore,$795.00,403-25 Raynor Canada,1,3 1/2,Oui,Unknown,
Appartement Condo. 5 1/2 Ville Saint Laurent. Tours Bois Franc.,$2200.00,1300 Boulevard Alexis-Nihon Saint-Laurent QC H4R Canada,1,5 1/2,Non,Unknown,
Appartement Condo. Loft 2 1/2. Ville Saint Laurent. Bois Franc.,$1175.00,1300 Boulevard Alexis-Nihon Saint-Laurent QC H4R Canada,1,1 1/2,Non,Unknown,
100% Calme,$645.00,2783 Avenue Laurier E Montréal QC H1Y Canada,1,3 1/2,Non,Non,
Condo/studio à louer,$1100.00,Rue Masson Montréal QC Canada,1,1 1/2,Oui,Non,
Magnifique condo à louer dans Griffintown,$2000.00,845 Rue Notre-Dame Ouest Montréal QC H3C Canada,1,3 1/2,Oui,Non,
Magnifique condo à louer dans Griffintown,$2000.00,845 Rue Notre-Dame Ouest Montréal QC H3C Canada,1,3 1/2,Oui,Non,
Location temporaire Bachelor métro Honoré-Beaugrand,$925.00,H1K Canada,1,3 1/2,Oui,Unknown,
4.5 APARTMENT DOWNTOWN MONTREAL,$1170.00,1961 Tupper Canada,1,4 1/2,Non,Unknown,
Appartement Condo. 5 1/2 Ville Saint Laurent. Tours Bois Franc.,$2200.00,1300 Boulevard Alexis-Nihon Saint-Laurent QC H4R Canada,1,5 1/2,Non,Unknown,
Appartement Condo. Loft 2 1/2. Ville Saint Laurent. Bois Franc.,$1175.00,1300 Boulevard Alexis-Nihon Saint-Laurent QC H4R Canada,1,1 1/2,Non,Unknown,
3 et demi sous-sol neuf à côté station Laurier,$1200.00,plateau Canada,1,3 1/2,Non,Oui,
3 et demi sous-sol neuf à côté station Laurier,$1200.00,plateau Canada,1,3 1/2,Non,Oui,
Ahuntsic Spacieux et lumineux tout inclus,$2475.00,20e Av Montréal QC Canada,2,5 1/2,Oui,Non,
Appartement Condo. 4 1/2. Ville Saint Laurent. Tours Bois Franc.,$1650.00,1300 Boulevard Alexis-Nihon Saint-Laurent QC H4R Canada,1,4 1/2,Oui,Non,
Recherché :Looking for 3 1/2 Apartment Montreal,$800.00,H3C Canada,1,2 1/2,Non,Unknown,
Modern 3 1/2 in Downtown Montreal,$1380.00,Rue Mackay Montréal QC H3G Canada,1,2 1/2,Non,Oui,
Appartement Condo. Loft 2 1/2. Ville Saint Laurent. Bois Franc.,$1175.00,1300 Boulevard Alexis-Nihon Saint-Laurent QC H4R Canada,1,1 1/2,Non,Unknown,
>>>✅✅>>> $1000 BUY HOME - NO BANK NEEDED - RENT TO OWN - HOUSE,$999.00,Cérès Québec Canada,1,5 1/2,Non,Non,
CONDO MEUBLÉ À LOUER VIEUX MONTRÉAL,$1600.00,901 Rue de la Commune E Montréal QC H2L OE2 Canada,1,3 1/2,Oui,Oui,
Super Cozy & sweet Downtown best location Condo for rent!,$1380.00,Rue St-Alexandre Montréal QC Canada,1,2 1/2,Oui,Unknown,
3 Bdrm/2 baths.Beautiful.Bright.2017construction. CSL $1950,$1950.00,7369 Chemin Kildare Côte Saint-Luc QC H4W Canada,2,5 1/2,Non,Non,
Appartement Condo. 5 1/2 Ville Saint Laurent. Tours Bois Franc.,$2200.00,1300 Boulevard Alexis-Nihon Saint-Laurent QC H4R Canada,1,5 1/2,Non,Unknown,
DANS MILE-EX SUPERBE LOFT 6397 ST-LAURENT (BEAUBIEN),$1550.00,Place Gennevilliers Laliberté Montréal QC H1V Canada,1,4 1/2,Oui,Unknown,
Stunning 1 BR Downtown Apartment For Rent,$2600.00,Avenue des Canadiens-de-Montréal Montréal QC H3B Canada,1,2 1/2,Oui,Non,
>⭐>⭐>⭐ $1000 BUY CONDO - NO BANK NEEDED - RENT TO OWN - BUY HOME,$999.00,Cérès Québec Canada,1,5 1/2,Non,Non,
Condo A Louer,$1175.00,Boul Gouin O Montréal QC Canada,1,4 1/2,Non,Non,
Magnifique Logement 6 1/2 à louer,$1475.00,Rue Du Quesne Montréal QC Canada,1,6 1/2,Non,Non,
Grand 4 1/2 rénové + parking très ensoleillé sur le Plateau!,$1600.00,1671 Avenue Bureau Montréal QC H2J Canada,1,4 1/2,Non,Non,
4 1/2 à louer à Hochelaga-Maisonneuve,$1400.00,Rue Hochelaga Québec Canada,1,4 1/2,Oui,Oui,
Recherché :Recherche grand 3 1/2 ou 4 1/2,$650.00,h1l Canada,1,2 1/2,Non,Unknown,
Magnifique et lumineux 1 12 avec chambre spacieuse .,$570.00,5822 1er avenue Canada,1,1 1/2,Non,Unknown,
Bachelor bord de l’eau,$800.00,Ile des soeurs Canada,1,3 1/2,Non,Non,
Condo for Rent DOWNTOWN $1480/month (3 1/2),$1480.00,1770 Rue Joseph Manseau Montréal QC H3H Canada,1,2 1/2,Non,Oui,
Condo construction 2015 station joliette,$885.00,2590 rue joliette Canada,1,3 1/2,Non,Unknown,
Appartement Condo. 4 1/2. Ville Saint Laurent. Tours Bois Franc.,$1650.00,1300 Boulevard Alexis-Nihon Saint-Laurent QC H4R Canada,1,4 1/2,Oui,Non,
Appartement Condo. 3 1/2. Ville Saint Laurent. Tours Bois Franc.,$1200.00,1300 Boulevard Alexis-Nihon Saint-Laurent QC H4R Canada,1,2 1/2,Oui,Unknown,
Super 3 1/2 en béton à louer,$650.00,Montréal QC Canada H1J,1,3 1/2,Oui,Oui,
Daily / weekly rent of studio,$Surdemande,montreal Canada,1,1 1/2,Oui,Non,
3 Bdrm/2 baths.Beautiful.Bright.2017construction. CSL $1950,$1950.00,7369 Chemin Kildare Côte Saint-Luc QC H4W Canada,2,5 1/2,Non,Non,
**CONDO de LUXE**meublé**CENTRE-VILLE**PISCINE INTÉRIEURE**WIFI,$1880.00,1225 Boulevard René-Lévesque O Montréal QC H3G Canada,1,3 1/2,Oui,Non,
BACHELOR 4 1/2 $800 MEUBLÉ- METRO VILLA MARIA,$800.00,Rue Byron Montréal QC H3W Canada,1,4 1/2,Oui,Non,
Appartement Condo. 4 1/2. Ville Saint Laurent. Tours Bois Franc.,$1650.00,1300 Boulevard Alexis-Nihon Saint-Laurent QC H4R Canada,1,4 1/2,Oui,Non,
